Segunda-feira,Sintoma,Presença
2020-12-28,Febre,0.17297297297297298
2020-12-28,Tosse,0.22702702702702704
2020-12-28,Dor de Garganta,0.05405405405405406
2020-12-28,Dispneia,0.2594594594594595
2020-12-28,Desconforto Respiratório,0.24864864864864866
2020-12-28,Saturação O2 < 95%,0.2594594594594595
2020-12-28,Diarreia,0.03783783783783784
2020-12-28,Vômito,0.03783783783783784
2020-12-28,Dor Abdominal,0.03783783783783784
2020-12-28,Fadiga,0.0972972972972973
2020-12-28,Perda do Olfato,0.032432432432432434
2020-12-28,Perda do Paladar,0.02702702702702703
2020-12-28,Outros Sintomas,0.0918918918918919
2021-01-04,Febre,0.2634050880626223
2021-01-04,Tosse,0.3281800391389432
2021-01-04,Dor de Garganta,0.07827788649706457
2021-01-04,Dispneia,0.363307240704501
2021-01-04,Desconforto Respiratório,0.33170254403131116
2021-01-04,Saturação O2 < 95%,0.3356164383561644
2021-01-04,Diarreia,0.06790606653620353
2021-01-04,Vômito,0.0589041095890411
2021-01-04,Dor Abdominal,0.0426614481409002
2021-01-04,Fadiga,0.12436399217221135
2021-01-04,Perda do Olfato,0.03669275929549902
2021-01-04,Perda do Paladar,0.03737769080234834
2021-01-04,Outros Sintomas,0.1687866927592955
2021-01-11,Febre,0.2948027647305915
2021-01-11,Tosse,0.37037461335777294
2021-01-11,Dor de Garganta,0.09359605911330049
2021-01-11,Dispneia,0.39065185015465687
2021-01-11,Desconforto Respiratório,0.3436437927215794
2021-01-11,Saturação O2 < 95%,0.3560163439874747
2021-01-11,Diarreia,0.08435483255050216
2021-01-11,Vômito,0.05777675946080116
2021-01-11,Dor Abdominal,0.04181464085233131
2021-01-11,Fadiga,0.15240386451292626
2021-01-11,Perda do Olfato,0.054301752778096
2021-01-11,Perda do Paladar,0.05743307748119296
2021-01-11,Outros Sintomas,0.19494405621109712
2021-01-18,Febre,0.3034442000196999
2021-01-18,Tosse,0.37863216994451193
2021-01-18,Dor de Garganta,0.09662803296450734
2021-01-18,Dispneia,0.3982335752043865
2021-01-18,Desconforto Respiratório,0.342844009587287
2021-01-18,Saturação O2 < 95%,0.35919493055783563
2021-01-18,Diarreia,0.08352759628328463
2021-01-18,Vômito,0.056374560856289196
2021-01-18,Dor Abdominal,0.04091013560101126
2021-01-18,Fadiga,0.15425025445710347
2021-01-18,Perda do Olfato,0.057720721016515084
2021-01-18,Perda do Paladar,0.05870571625570476
2021-01-18,Outros Sintomas,0.1922054043405457
2021-01-25,Febre,0.311118564480966
2021-01-25,Tosse,0.37766225054502767
2021-01-25,Dor de Garganta,0.10119067583431159
2021-01-25,Dispneia,0.3970149253731343
2021-01-25,Desconforto Respiratório,0.3456649337581754
2021-01-25,Saturação O2 < 95%,0.36515176924366927
2021-01-25,Diarreia,0.08559449941304713
2021-01-25,Vômito,0.05658225725306054
2021-01-25,Dor Abdominal,0.04343451282911286
2021-01-25,Fadiga,0.1543853764883448
2021-01-25,Perda do Olfato,0.05829280563474761
2021-01-25,Perda do Paladar,0.058829448264296494
2021-01-25,Outros Sintomas,0.19916149589132986
2021-02-01,Febre,0.310641627543036
2021-02-01,Tosse,0.3736306729264476
2021-02-01,Dor de Garganta,0.09510302556077203
2021-02-01,Dispneia,0.3992240479916536
2021-02-01,Desconforto Respiratório,0.3424947835159103
2021-02-01,Saturação O2 < 95%,0.36075247782994263
2021-02-01,Diarreia,0.08414840897235264
2021-02-01,Vômito,0.0586528429838289
2021-02-01,Dor Abdominal,0.044372717788210746
2021-02-01,Fadiga,0.15108242044861764
2021-02-01,Perda do Olfato,0.05728351591027647
2021-02-01,Perda do Paladar,0.05835941575378195
2021-02-01,Outros Sintomas,0.1994979134063641
2021-02-08,Febre,0.3056885296860429
2021-02-08,Tosse,0.37830276655268885
2021-02-08,Dor de Garganta,0.098383587193037
2021-02-08,Dispneia,0.3920733602735468
2021-02-08,Desconforto Respiratório,0.33820329499533724
2021-02-08,Saturação O2 < 95%,0.35809760646565125
2021-02-08,Diarreia,0.08200186509170033
2021-02-08,Vômito,0.05735156978551446
2021-02-08,Dor Abdominal,0.043425551756294686
2021-02-08,Fadiga,0.15209822816288468
2021-02-08,Perda do Olfato,0.057289400062169725
2021-02-08,Perda do Paladar,0.05865713397575381
2021-02-08,Outros Sintomas,0.1981970780230028
2021-02-15,Febre,0.3119013908553344
2021-02-15,Tosse,0.3830265678354293
2021-02-15,Dor de Garganta,0.09822048249632159
2021-02-15,Dispneia,0.3960467505066489
2021-02-15,Desconforto Respiratório,0.3370533855251103
2021-02-15,Saturação O2 < 95%,0.36464839954471
2021-02-15,Diarreia,0.08303489631048555
2021-02-15,Vômito,0.0588267954804142
2021-02-15,Dor Abdominal,0.04330807029232948
2021-02-15,Fadiga,0.15676966214152854
2021-02-15,Perda do Olfato,0.055884067627217454
2021-02-15,Perda do Paladar,0.056911246217484245
2021-02-15,Outros Sintomas,0.2009938646900419
2021-02-22,Febre,0.31382836220753707
2021-02-22,Tosse,0.385180389355242
2021-02-22,Dor de Garganta,0.09662439721378818
2021-02-22,Dispneia,0.4032416502946955
2021-02-22,Desconforto Respiratório,0.3439006965529559
2021-02-22,Saturação O2 < 95%,0.37274513305947493
2021-02-22,Diarreia,0.08535006251116271
2021-02-22,Vômito,0.05628237185211645
2021-02-22,Dor Abdominal,0.040654581175209856
2021-02-22,Fadiga,0.15902393284515093
2021-02-22,Perda do Olfato,0.05719771387747812
2021-02-22,Perda do Paladar,0.05688515806393999
2021-02-22,Outros Sintomas,0.20697892480800142
2021-03-01,Febre,0.3067945133507215
2021-03-01,Tosse,0.37963710055729644
2021-03-01,Dor de Garganta,0.09946897341114218
2021-03-01,Dispneia,0.40164749591878857
2021-03-01,Desconforto Respiratório,0.34747527817912294
2021-03-01,Saturação O2 < 95%,0.3771414632315689
2021-03-01,Diarreia,0.08481414069389977
2021-03-01,Vômito,0.05248344060195523
2021-03-01,Dor Abdominal,0.03857917550147299
2021-03-01,Fadiga,0.1604150638920684
2021-03-01,Perda do Olfato,0.0579250558234665
2021-03-01,Perda do Paladar,0.058563038297712644
2021-03-01,Outros Sintomas,0.19882536167977033
2021-03-08,Febre,0.2932768325849092
2021-03-08,Tosse,0.36186831952438175
2021-03-08,Dor de Garganta,0.09419075327303776
2021-03-08,Dispneia,0.387182973878945
2021-03-08,Desconforto Respiratório,0.3315887673138954
2021-03-08,Saturação O2 < 95%,0.3642242742394535
2021-03-08,Diarreia,0.07583328062741129
2021-03-08,Vômito,0.05197330972108026
2021-03-08,Dor Abdominal,0.036177344886471445
2021-03-08,Fadiga,0.15802289545253304
2021-03-08,Perda do Olfato,0.05293782809436468
2021-03-08,Perda do Paladar,0.05431345265954082
2021-03-08,Outros Sintomas,0.18798621213079503
2021-03-15,Febre,0.28783499368598287
2021-03-15,Tosse,0.3552406342079416
2021-03-15,Dor de Garganta,0.09142696786866844
2021-03-15,Dispneia,0.38463589167952855
2021-03-15,Desconforto Respiratório,0.3312473691595342
2021-03-15,Saturação O2 < 95%,0.36443103690192225
2021-03-15,Diarreia,0.0738880314297741
2021-03-15,Vômito,0.04815490388662832
2021-03-15,Dor Abdominal,0.03345025957625929
2021-03-15,Fadiga,0.15490388662831486
2021-03-15,Perda do Olfato,0.05126981899817595
2021-03-15,Perda do Paladar,0.05174687806931388
2021-03-15,Outros Sintomas,0.18271362424582574
2021-03-22,Febre,0.2989514650091694
2021-03-22,Tosse,0.3665252754329232
2021-03-22,Dor de Garganta,0.09485811879663461
2021-03-22,Dispneia,0.39380958380580405
2021-03-22,Desconforto Respiratório,0.3299035459801492
2021-03-22,Saturação O2 < 95%,0.3760586843615696
2021-03-22,Diarreia,0.07735920372936878
2021-03-22,Vômito,0.05076085282712472
2021-03-22,Dor Abdominal,0.035347808435876975
2021-03-22,Fadiga,0.15833018352862122
2021-03-22,Perda do Olfato,0.0528467235031428
2021-03-22,Perda do Paladar,0.053896658407178756
2021-03-22,Outros Sintomas,0.18742037993644395
2021-03-29,Febre,0.2902731480750091
2021-03-29,Tosse,0.35815731686124586
2021-03-29,Dor de Garganta,0.09173920599061597
2021-03-29,Dispneia,0.38577228708194444
2021-03-29,Desconforto Respiratório,0.31158470118011344
2021-03-29,Saturação O2 < 95%,0.36690942984881275
2021-03-29,Diarreia,0.07583058184173526
2021-03-29,Vômito,0.050127174204963744
2021-03-29,Dor Abdominal,0.03377620499533958
2021-03-29,Fadiga,0.15211930678209767
2021-03-29,Perda do Olfato,0.051375219197775636
2021-03-29,Perda do Paladar,0.05172277603121692
2021-03-29,Outros Sintomas,0.18101391807137554
2021-04-05,Febre,0.28186302440294986
2021-04-05,Tosse,0.3498624383414459
2021-04-05,Dor de Garganta,0.08913018705129666
2021-04-05,Dispneia,0.37638172139287285
2021-04-05,Desconforto Respiratório,0.30740553828121187
2021-04-05,Saturação O2 < 95%,0.36200693506112946
2021-04-05,Diarreia,0.07208556497956925
2021-04-05,Vômito,0.04965243296921549
2021-04-05,Dor Abdominal,0.03583114916893223
2021-04-05,Fadiga,0.15174109105116643
2021-04-05,Perda do Olfato,0.050189656014456185
2021-04-05,Perda do Paladar,0.051052468784085175
2021-04-05,Outros Sintomas,0.1807674149803832
2021-04-12,Febre,0.2827055702917772
2021-04-12,Tosse,0.35131741821396995
2021-04-12,Dor de Garganta,0.08779840848806367
2021-04-12,Dispneia,0.3691069849690539
2021-04-12,Desconforto Respiratório,0.3020866489832007
2021-04-12,Saturação O2 < 95%,0.3569584438549956
2021-04-12,Diarreia,0.07241379310344828
2021-04-12,Vômito,0.04914235190097259
2021-04-12,Dor Abdominal,0.03564986737400531
2021-04-12,Fadiga,0.14963748894783377
2021-04-12,Perda do Olfato,0.04969053934571176
2021-04-12,Perda do Paladar,0.049814323607427054
2021-04-12,Outros Sintomas,0.18585322723253758
2021-04-19,Febre,0.2799740891959799
2021-04-19,Tosse,0.35458542713567837
2021-04-19,Dor de Garganta,0.09174780150753768
2021-04-19,Dispneia,0.37203596105527637
2021-04-19,Desconforto Respiratório,0.30761228015075376
2021-04-19,Saturação O2 < 95%,0.357804648241206
2021-04-19,Diarreia,0.07256988065326633
2021-04-19,Vômito,0.04850423994974874
2021-04-19,Dor Abdominal,0.03690326633165829
2021-04-19,Fadiga,0.15102858040201006
2021-04-19,Perda do Olfato,0.048896827889447235
2021-04-19,Perda do Paladar,0.05068310301507538
2021-04-19,Outros Sintomas,0.18163081030150754
2021-04-26,Febre,0.2794920130965374
2021-04-26,Tosse,0.3518603036015478
2021-04-26,Dor de Garganta,0.08808413533088601
2021-04-26,Dispneia,0.3669808512749281
2021-04-26,Desconforto Respiratório,0.3002678837186229
2021-04-26,Saturação O2 < 95%,0.35104673082647087
2021-04-26,Diarreia,0.07064192876277409
2021-04-26,Vômito,0.050401825577934316
2021-04-26,Dor Abdominal,0.03837682309752952
2021-04-26,Fadiga,0.15180077388629826
2021-04-26,Perda do Olfato,0.04938982041869233
2021-04-26,Perda do Paladar,0.05149320369084234
2021-04-26,Outros Sintomas,0.17829149717233853
2021-05-03,Febre,0.2823987632757132
2021-05-03,Tosse,0.3608584793912747
2021-05-03,Dor de Garganta,0.09177056355277159
2021-05-03,Dispneia,0.3725230380051798
2021-05-03,Desconforto Respiratório,0.302073922383505
2021-05-03,Saturação O2 < 95%,0.35553815575498404
2021-05-03,Diarreia,0.07356100303158064
2021-05-03,Vômito,0.05155694753960128
2021-05-03,Dor Abdominal,0.03798510309381838
2021-05-03,Fadiga,0.15310486056736736
2021-05-03,Perda do Olfato,0.049750045172559175
2021-05-03,Perda do Paladar,0.05093457005762011
2021-05-03,Outros Sintomas,0.18544841293742095
2021-05-10,Febre,0.2867716687602667
2021-05-10,Tosse,0.371301575031404
2021-05-10,Dor de Garganta,0.09330370084066093
2021-05-10,Dispneia,0.3768286790994299
2021-05-10,Desconforto Respiratório,0.30542081360517925
2021-05-10,Saturação O2 < 95%,0.36061455213064064
2021-05-10,Diarreia,0.07272200212580926
2021-05-10,Vômito,0.04920282152865011
2021-05-10,Dor Abdominal,0.03814861339259832
2021-05-10,Fadiga,0.15425644989854093
2021-05-10,Perda do Olfato,0.051289979708184365
2021-05-10,Perda do Paladar,0.05295197603633201
2021-05-10,Outros Sintomas,0.18683930814571456
2021-05-17,Febre,0.2870673051437457
2021-05-17,Tosse,0.37462230311169226
2021-05-17,Dor de Garganta,0.09672574346650646
2021-05-17,Dispneia,0.3821850758927783
2021-05-17,Desconforto Respiratório,0.309720283427279
2021-05-17,Saturação O2 < 95%,0.3644973760005654
2021-05-17,Diarreia,0.07276518297315923
2021-05-17,Vômito,0.05149046701888926
2021-05-17,Dor Abdominal,0.03742512324845829
2021-05-17,Fadiga,0.15701588535684624
2021-05-17,Perda do Olfato,0.05433534182672769
2021-05-17,Perda do Paladar,0.05573127418585337
2021-05-17,Outros Sintomas,0.18177159719399927
2021-05-24,Febre,0.28567770132996434
2021-05-24,Tosse,0.37298755399245387
2021-05-24,Dor de Garganta,0.09938026052959555
2021-05-24,Dispneia,0.38475065303126016
2021-05-24,Desconforto Respiratório,0.31367695013060626
2021-05-24,Saturação O2 < 95%,0.3678657401874584
2021-05-24,Diarreia,0.07240537448995271
2021-05-24,Vômito,0.05002304816212248
2021-05-24,Dor Abdominal,0.037781913168183294
2021-05-24,Fadiga,0.16053471736124153
2021-05-24,Perda do Olfato,0.052874191180236625
2021-05-24,Perda do Paladar,0.05492291670223482
2021-05-24,Outros Sintomas,0.1835999521964045
2021-05-31,Febre,0.28814172743888095
2021-05-31,Tosse,0.37724615913573767
2021-05-31,Dor de Garganta,0.09990771068203616
2021-05-31,Dispneia,0.384737880241038
2021-05-31,Desconforto Respiratório,0.31432655941803445
2021-05-31,Saturação O2 < 95%,0.373373626970196
2021-05-31,Diarreia,0.07346953547709958
2021-05-31,Vômito,0.050252438428548166
2021-05-31,Dor Abdominal,0.038435786540236334
2021-05-31,Fadiga,0.16248348745046234
2021-05-31,Perda do Olfato,0.05336494091674056
2021-05-31,Perda do Paladar,0.054685944879752445
2021-05-31,Outros Sintomas,0.18378241436094173
2021-06-07,Febre,0.2866097071945955
2021-06-07,Tosse,0.3769079315763805
2021-06-07,Dor de Garganta,0.0953739997471144
2021-06-07,Dispneia,0.39081663987283466
2021-06-07,Desconforto Respiratório,0.3174798143097126
2021-06-07,Saturação O2 < 95%,0.3751557955961778
2021-06-07,Diarreia,0.0704647676161919
2021-06-07,Vômito,0.0488430483553404
2021-06-07,Dor Abdominal,0.03854699156445873
2021-06-07,Fadiga,0.16305702570401545
2021-06-07,Perda do Olfato,0.0547316703094236
2021-06-07,Perda do Paladar,0.05661024909232131
2021-06-07,Outros Sintomas,0.18776756200213146
2021-06-14,Febre,0.2805919987042436
2021-06-14,Tosse,0.374615322319404
2021-06-14,Dor de Garganta,0.09335519922254616
2021-06-14,Dispneia,0.3905490767735666
2021-06-14,Desconforto Respiratório,0.3132896015549077
2021-06-14,Saturação O2 < 95%,0.37469630709426627
2021-06-14,Diarreia,0.07031503077421444
2021-06-14,Vômito,0.049441205053449955
2021-06-14,Dor Abdominal,0.0390144152899255
2021-06-14,Fadiga,0.1644598315516683
2021-06-14,Perda do Olfato,0.051263362487852286
2021-06-14,Perda do Paladar,0.05251862649821833
2021-06-14,Outros Sintomas,0.1889172335600907
2021-06-21,Febre,0.2754951895868704
2021-06-21,Tosse,0.370413129598189
2021-06-21,Dor de Garganta,0.09285795132993775
2021-06-21,Dispneia,0.3849009620826259
2021-06-21,Desconforto Respiratório,0.31146576117713637
2021-06-21,Saturação O2 < 95%,0.3708885116015846
2021-06-21,Diarreia,0.06981324278438031
2021-06-21,Vômito,0.05086587436332767
2021-06-21,Dor Abdominal,0.04020373514431239
2021-06-21,Fadiga,0.16024900962082625
2021-06-21,Perda do Olfato,0.05475947934352009
2021-06-21,Perda do Paladar,0.056253537068477646
2021-06-21,Outros Sintomas,0.18827391058290888
2021-06-28,Febre,0.27100341014777307
2021-06-28,Tosse,0.37405704247184046
2021-06-28,Dor de Garganta,0.09282318900485688
2021-06-28,Dispneia,0.3855275395267128
2021-06-28,Desconforto Respiratório,0.30701663738762014
2021-06-28,Saturação O2 < 95%,0.3658158520202542
2021-06-28,Diarreia,0.0666012193861734
2021-06-28,Vômito,0.04812958561537667
2021-06-28,Dor Abdominal,0.040017567427921875
2021-06-28,Fadiga,0.1556009093727395
2021-06-28,Perda do Olfato,0.04944714270951741
2021-06-28,Perda do Paladar,0.051100547690399914
2021-06-28,Outros Sintomas,0.18928903585822052
2021-07-05,Febre,0.26833524027459954
2021-07-05,Tosse,0.36807780320366135
2021-07-05,Dor de Garganta,0.08947368421052632
2021-07-05,Dispneia,0.3769736842105263
2021-07-05,Desconforto Respiratório,0.30160183066361557
2021-07-05,Saturação O2 < 95%,0.3616132723112128
2021-07-05,Diarreia,0.06507437070938216
2021-07-05,Vômito,0.051001144164759725
2021-07-05,Dor Abdominal,0.039931350114416474
2021-07-05,Fadiga,0.1515446224256293
2021-07-05,Perda do Olfato,0.04908466819221968
2021-07-05,Perda do Paladar,0.04957093821510297
2021-07-05,Outros Sintomas,0.1899599542334096
2021-07-12,Febre,0.26655194275880806
2021-07-12,Tosse,0.37110165142046314
2021-07-12,Dor de Garganta,0.08951483863176644
2021-07-12,Dispneia,0.3782266099085228
2021-07-12,Desconforto Respiratório,0.2946894906862301
2021-07-12,Saturação O2 < 95%,0.35570449536575793
2021-07-12,Diarreia,0.06355100685324397
2021-07-12,Vômito,0.05328623615010718
2021-07-12,Dor Abdominal,0.03994203423602934
2021-07-12,Fadiga,0.1490203182078918
2021-07-12,Perda do Olfato,0.04845575581921927
2021-07-12,Perda do Paladar,0.04815385079853878
2021-07-12,Outros Sintomas,0.19400416628928538
2021-07-19,Febre,0.2561633545038585
2021-07-19,Tosse,0.36556716519838833
2021-07-19,Dor de Garganta,0.09134057228709964
2021-07-19,Dispneia,0.3724305128730451
2021-07-19,Desconforto Respiratório,0.2970361264768149
2021-07-19,Saturação O2 < 95%,0.3524209519907123
2021-07-19,Diarreia,0.0628286553301919
2021-07-19,Vômito,0.055043365430581165
2021-07-19,Dor Abdominal,0.04227275831455303
2021-07-19,Fadiga,0.14723758792597144
2021-07-19,Perda do Olfato,0.04599467322270027
2021-07-19,Perda do Paladar,0.04732636754763368
2021-07-19,Outros Sintomas,0.19009082838216212
2021-07-26,Febre,0.25747520976353927
2021-07-26,Tosse,0.36998474446987034
2021-07-26,Dor de Garganta,0.08600305110602594
2021-07-26,Dispneia,0.3826086956521739
2021-07-26,Desconforto Respiratório,0.30183066361556066
2021-07-26,Saturação O2 < 95%,0.3594584286803966
2021-07-26,Diarreia,0.0623951182303585
2021-07-26,Vômito,0.05217391304347826
2021-07-26,Dor Abdominal,0.03855835240274599
2021-07-26,Fadiga,0.15144927536231884
2021-07-26,Perda do Olfato,0.042105263157894736
2021-07-26,Perda do Paladar,0.04309687261632342
2021-07-26,Outros Sintomas,0.18947368421052632
2021-08-02,Febre,0.2551127096315503
2021-08-02,Tosse,0.37217180377232234
2021-08-02,Dor de Garganta,0.0865292124963406
2021-08-02,Dispneia,0.38216720337919785
2021-08-02,Desconforto Respiratório,0.30609342980218307
2021-08-02,Saturação O2 < 95%,0.35820333737610305
2021-08-02,Diarreia,0.06411275145330601
2021-08-02,Vômito,0.05415917360210782
2021-08-02,Dor Abdominal,0.04035799422859772
2021-08-02,Fadiga,0.1521057253983522
2021-08-02,Perda do Olfato,0.04554389193258333
2021-08-02,Perda do Paladar,0.04650579231316131
2021-08-02,Outros Sintomas,0.18907615741708836
2021-08-09,Febre,0.25471414458141833
2021-08-09,Tosse,0.37004424208582104
2021-08-09,Dor de Garganta,0.08466131179932133
2021-08-09,Dispneia,0.37738928740174393
2021-08-09,Desconforto Respiratório,0.2944031613762295
2021-08-09,Saturação O2 < 95%,0.35307761694085305
2021-08-09,Diarreia,0.06000601348739315
2021-08-09,Vômito,0.05184485202525665
2021-08-09,Dor Abdominal,0.03797087753962459
2021-08-09,Fadiga,0.15085262660538637
2021-08-09,Perda do Olfato,0.04132124908723852
2021-08-09,Perda do Paladar,0.041106481680340194
2021-08-09,Outros Sintomas,0.18852282977535328
2021-08-16,Febre,0.24497383640870285
2021-08-16,Tosse,0.35031671715780777
2021-08-16,Dor de Garganta,0.07771045625631139
2021-08-16,Dispneia,0.357155971724961
2021-08-16,Desconforto Respiratório,0.2868814835215276
2021-08-16,Saturação O2 < 95%,0.33608739557514
2021-08-16,Diarreia,0.057605801891122736
2021-08-16,Vômito,0.04902230790415863
2021-08-16,Dor Abdominal,0.03644542366657486
2021-08-16,Fadiga,0.13687689341779125
2021-08-16,Perda do Olfato,0.034471679059946754
2021-08-16,Perda do Paladar,0.03525199669512531
2021-08-16,Outros Sintomas,0.1778665197833471
2021-08-23,Febre,0.23910171730515192
2021-08-23,Tosse,0.33477288893405144
2021-08-23,Dor de Garganta,0.07483995528909664
2021-08-23,Dispneia,0.34229244995427294
2021-08-23,Desconforto Respiratório,0.2724316634488365
2021-08-23,Saturação O2 < 95%,0.3249669749009247
2021-08-23,Diarreia,0.05863225281983538
2021-08-23,Vômito,0.055583782135961796
2021-08-23,Dor Abdominal,0.03541306777766487
2021-08-23,Fadiga,0.13316736104054466
2021-08-23,Perda do Olfato,0.03439691088304034
2021-08-23,Perda do Paladar,0.03414287165938421
2021-08-23,Outros Sintomas,0.1829082410324154
2021-08-30,Febre,0.23604320636725412
2021-08-30,Tosse,0.33934053439454237
2021-08-30,Dor de Garganta,0.06907333712336555
2021-08-30,Dispneia,0.3405343945423536
2021-08-30,Desconforto Respiratório,0.2707788516202388
2021-08-30,Saturação O2 < 95%,0.32495736213757814
2021-08-30,Diarreia,0.057987492893689596
2021-08-30,Vômito,0.051961341671404204
2021-08-30,Dor Abdominal,0.03723706651506538
2021-08-30,Fadiga,0.12802728823194998
2021-08-30,Perda do Olfato,0.032802728823194995
2021-08-30,Perda do Paladar,0.03365548607163161
2021-08-30,Outros Sintomas,0.17805571347356453
2021-09-06,Febre,0.23766121031746032
2021-09-06,Tosse,0.3322172619047619
2021-09-06,Dor de Garganta,0.07626488095238096
2021-09-06,Dispneia,0.34052579365079366
2021-09-06,Desconforto Respiratório,0.27455357142857145
2021-09-06,Saturação O2 < 95%,0.32762896825396826
2021-09-06,Diarreia,0.05884176587301587
2021-09-06,Vômito,0.05505952380952381
2021-09-06,Dor Abdominal,0.03670634920634921
2021-09-06,Fadiga,0.13169642857142858
2021-09-06,Perda do Olfato,0.03478422619047619
2021-09-06,Perda do Paladar,0.035280257936507936
2021-09-06,Outros Sintomas,0.1744171626984127
2021-09-13,Febre,0.24124586480244678
2021-09-13,Tosse,0.33462330690968106
2021-09-13,Dor de Garganta,0.07034517196180014
2021-09-13,Dispneia,0.33836839148617437
2021-09-13,Desconforto Respiratório,0.26465264340553024
2021-09-13,Saturação O2 < 95%,0.3168965732476125
2021-09-13,Diarreia,0.0566756132575994
2021-09-13,Vômito,0.055552087884651394
2021-09-13,Dor Abdominal,0.0352662130953124
2021-09-13,Fadiga,0.12414955371075463
2021-09-13,Perda do Olfato,0.030584857374695712
2021-09-13,Perda do Paladar,0.02989825853567193
2021-09-13,Outros Sintomas,0.18438299731602273
2021-09-20,Febre,0.23946638488971073
2021-09-20,Tosse,0.33681151763307354
2021-09-20,Dor de Garganta,0.07218333113195087
2021-09-20,Dispneia,0.3403777572315414
2021-09-20,Desconforto Respiratório,0.26786421872936206
2021-09-20,Saturação O2 < 95%,0.3204332320697398
2021-09-20,Diarreia,0.05923920221899353
2021-09-20,Vômito,0.05474838198388588
2021-09-20,Dor Abdominal,0.03698322546559239
2021-09-20,Fadiga,0.12415797120591732
2021-09-20,Perda do Olfato,0.032888654074758945
2021-09-20,Perda do Paladar,0.031171575749570732
2021-09-20,Outros Sintomas,0.18399154669132214
2021-09-27,Febre,0.24639373540321471
2021-09-27,Tosse,0.34414067866465176
2021-09-27,Dor de Garganta,0.07006456930897101
2021-09-27,Dispneia,0.3398818519027339
2021-09-27,Desconforto Respiratório,0.2716032422035994
2021-09-27,Saturação O2 < 95%,0.3251820304986949
2021-09-27,Diarreia,0.05811237807391125
2021-09-27,Vômito,0.05763154279433988
2021-09-27,Dor Abdominal,0.037505151806566835
2021-09-27,Fadiga,0.12563538947657646
2021-09-27,Perda do Olfato,0.03345239730732243
2021-09-27,Perda do Paladar,0.03276548976507762
2021-09-27,Outros Sintomas,0.19054815221871135
2021-10-04,Febre,0.23465677179962893
2021-10-04,Tosse,0.3325417439703154
2021-10-04,Dor de Garganta,0.0664935064935065
2021-10-04,Dispneia,0.32682745825602966
2021-10-04,Desconforto Respiratório,0.26701298701298704
2021-10-04,Saturação O2 < 95%,0.30871985157699444
2021-10-04,Diarreia,0.056697588126159555
2021-10-04,Vômito,0.05543599257884972
2021-10-04,Dor Abdominal,0.034879406307977735
2021-10-04,Fadiga,0.12430426716141002
2021-10-04,Perda do Olfato,0.027087198515769944
2021-10-04,Perda do Paladar,0.02619666048237477
2021-10-04,Outros Sintomas,0.18063079777365493
2021-10-11,Febre,0.24191170092809436
2021-10-11,Tosse,0.3486859224564143
2021-10-11,Dor de Garganta,0.06947697111631537
2021-10-11,Dispneia,0.3452164107901813
2021-10-11,Desconforto Respiratório,0.27946916471506633
2021-10-11,Saturação O2 < 95%,0.3231850117096019
2021-10-11,Diarreia,0.05811432040940238
2021-10-11,Vômito,0.05837453378436985
2021-10-11,Dor Abdominal,0.035215543412264724
2021-10-11,Fadiga,0.12151964610981004
2021-10-11,Perda do Olfato,0.030705178246161854
2021-10-11,Perda do Paladar,0.032526671870934165
2021-10-11,Outros Sintomas,0.19221094630930696
2021-10-18,Febre,0.23997847726661287
2021-10-18,Tosse,0.3595193256210205
2021-10-18,Dor de Garganta,0.06932113711774729
2021-10-18,Dispneia,0.3512689444892835
2021-10-18,Desconforto Respiratório,0.2797058559770424
2021-10-18,Saturação O2 < 95%,0.31889516635279347
2021-10-18,Diarreia,0.05407586763518967
2021-10-18,Vômito,0.056407497085463186
2021-10-18,Dor Abdominal,0.03739574926015604
2021-10-18,Fadiga,0.11900278001972918
2021-10-18,Perda do Olfato,0.02977311451887723
2021-10-18,Perda do Paladar,0.032015065913371
2021-10-18,Outros Sintomas,0.19038651242041071
2021-10-25,Febre,0.25164036176627064
2021-10-25,Tosse,0.36486965774073415
2021-10-25,Dor de Garganta,0.0679198439439617
2021-10-25,Dispneia,0.3504167405568363
2021-10-25,Desconforto Respiratório,0.2795708458946622
2021-10-25,Saturação O2 < 95%,0.32638765738606135
2021-10-25,Diarreia,0.052048235502748716
2021-10-25,Vômito,0.05745699592126263
2021-10-25,Dor Abdominal,0.03839333215109062
2021-10-25,Fadiga,0.12191877992551871
2021-10-25,Perda do Olfato,0.028196488739138145
2021-10-25,Perda do Paladar,0.02793048412839156
2021-10-25,Outros Sintomas,0.1915233197375421
2021-11-01,Febre,0.2607235390077728
2021-11-01,Tosse,0.37645139621917284
2021-11-01,Dor de Garganta,0.0674599366663468
2021-11-01,Dispneia,0.3657998272718549
2021-11-01,Desconforto Respiratório,0.30112273294309566
2021-11-01,Saturação O2 < 95%,0.33154207849534595
2021-11-01,Diarreia,0.051434603205066695
2021-11-01,Vômito,0.05891948949237118
2021-11-01,Dor Abdominal,0.03665675079167067
2021-11-01,Fadiga,0.12522790519144036
2021-11-01,Perda do Olfato,0.02552538144132041
2021-11-01,Perda do Paladar,0.025429421360713942
2021-11-01,Outros Sintomas,0.19326360234142598
2021-11-08,Febre,0.24951171875
2021-11-08,Tosse,0.36357421875
2021-11-08,Dor de Garganta,0.06640625
2021-11-08,Dispneia,0.34248046875
2021-11-08,Desconforto Respiratório,0.28583984375
2021-11-08,Saturação O2 < 95%,0.3146484375
2021-11-08,Diarreia,0.051171875
2021-11-08,Vômito,0.05615234375
2021-11-08,Dor Abdominal,0.0375
2021-11-08,Fadiga,0.11640625
2021-11-08,Perda do Olfato,0.02216796875
2021-11-08,Perda do Paladar,0.02060546875
2021-11-08,Outros Sintomas,0.18466796875
2021-11-15,Febre,0.24631123352350973
2021-11-15,Tosse,0.35884320283297266
2021-11-15,Dor de Garganta,0.06620106236474523
2021-11-15,Dispneia,0.33789100924650795
2021-11-15,Desconforto Respiratório,0.2842809364548495
2021-11-15,Saturação O2 < 95%,0.3129057643124139
2021-11-15,Diarreia,0.04879008459571119
2021-11-15,Vômito,0.057348022821168604
2021-11-15,Dor Abdominal,0.03629746212866417
2021-11-15,Fadiga,0.11823726145976786
2021-11-15,Perda do Olfato,0.02606728310053118
2021-11-15,Perda do Paladar,0.024198308085776117
2021-11-15,Outros Sintomas,0.18433995671847334
2021-11-22,Febre,0.26081041686910894
2021-11-22,Tosse,0.38723156155864347
2021-11-22,Dor de Garganta,0.06646584394130794
2021-11-22,Dispneia,0.355456223884948
2021-11-22,Desconforto Respiratório,0.2972500242930716
2021-11-22,Saturação O2 < 95%,0.323195024778933
2021-11-22,Diarreia,0.051404139539403364
2021-11-22,Vômito,0.059469439315907105
2021-11-22,Dor Abdominal,0.037994364007385095
2021-11-22,Fadiga,0.12020211835584492
2021-11-22,Perda do Olfato,0.022738315032552716
2021-11-22,Perda do Paladar,0.020211835584491303
2021-11-22,Outros Sintomas,0.19113788747449229
2021-11-29,Febre,0.26850324958773886
2021-11-29,Tosse,0.3741391017557474
2021-11-29,Dor de Garganta,0.06673780192065186
2021-11-29,Dispneia,0.3442622950819672
2021-11-29,Desconforto Respiratório,0.2880007760209526
2021-11-29,Saturação O2 < 95%,0.31787758269473276
2021-11-29,Diarreia,0.050829372393054614
2021-11-29,Vômito,0.06004462120477253
2021-11-29,Dor Abdominal,0.03676399262780095
2021-11-29,Fadiga,0.1080609176447764
2021-11-29,Perda do Olfato,0.01872150548064798
2021-11-29,Perda do Paladar,0.017266466194587254
2021-11-29,Outros Sintomas,0.1834319526627219
2021-12-06,Febre,0.26124392220421394
2021-12-06,Tosse,0.3680105348460292
2021-12-06,Dor de Garganta,0.059967585089141004
2021-12-06,Dispneia,0.32972042139384117
2021-12-06,Desconforto Respiratório,0.27735008103727715
2021-12-06,Saturação O2 < 95%,0.2999392220421394
2021-12-06,Diarreia,0.04193679092382496
2021-12-06,Vômito,0.04598865478119935
2021-12-06,Dor Abdominal,0.0320097244732577
2021-12-06,Fadiga,0.1038290113452188
2021-12-06,Perda do Olfato,0.016511345218800648
2021-12-06,Perda do Paladar,0.017828200972447326
2021-12-06,Outros Sintomas,0.17574959481361427
2021-12-13,Febre,0.27691127588851955
2021-12-13,Tosse,0.3737322083013722
2021-12-13,Dor de Garganta,0.07270092900366487
2021-12-13,Dispneia,0.3305207534304952
2021-12-13,Desconforto Respiratório,0.27844541038097675
2021-12-13,Saturação O2 < 95%,0.2983039290888946
2021-12-13,Diarreia,0.041421631296343644
2021-12-13,Vômito,0.05122304610926447
2021-12-13,Dor Abdominal,0.030682689849143442
2021-12-13,Fadiga,0.10278701099463053
2021-12-13,Perda do Olfato,0.016023182476774908
2021-12-13,Perda do Paladar,0.016364101252876503
2021-12-13,Outros Sintomas,0.17233444131935566
2021-12-20,Febre,0.30059012474788976
2021-12-20,Tosse,0.3898558302831105
2021-12-20,Dor de Garganta,0.10174049450959886
2021-12-20,Dispneia,0.3159781877941286
2021-12-20,Desconforto Respiratório,0.26578023455591243
2021-12-20,Saturação O2 < 95%,0.2783297228654665
2021-12-20,Diarreia,0.04198102636886532
2021-12-20,Vômito,0.05258833196384552
2021-12-20,Dor Abdominal,0.030402629416598194
2021-12-20,Fadiga,0.12362739971614253
2021-12-20,Perda do Olfato,0.014939867035183386
2021-12-20,Perda do Paladar,0.014566370359303802
2021-12-20,Outros Sintomas,0.160977067304101
2021-12-27,Febre,0.2942724371535748
2021-12-27,Tosse,0.3900117574603886
2021-12-27,Dor de Garganta,0.09265998544314429
2021-12-27,Dispneia,0.31801130955713564
2021-12-27,Desconforto Respiratório,0.26605453222104025
2021-12-27,Saturação O2 < 95%,0.28313084373775266
2021-12-27,Diarreia,0.03919153462852024
2021-12-27,Vômito,0.04988522479144505
2021-12-27,Dor Abdominal,0.028217904932534572
2021-12-27,Fadiga,0.1108560550921001
2021-12-27,Perda do Olfato,0.013381109680309053
2021-12-27,Perda do Paladar,0.014108952466267286
2021-12-27,Outros Sintomas,0.16869156262247353
2022-01-03,Febre,0.2941633922724296
2022-01-03,Tosse,0.3910854616895874
2022-01-03,Dor de Garganta,0.09847740667976425
2022-01-03,Dispneia,0.31913064833005894
2022-01-03,Desconforto Respiratório,0.2581041257367387
2022-01-03,Saturação O2 < 95%,0.28094302554027506
2022-01-03,Diarreia,0.04150294695481336
2022-01-03,Vômito,0.04723313686967911
2022-01-03,Dor Abdominal,0.030492796332678453
2022-01-03,Fadiga,0.10830058939096267
2022-01-03,Perda do Olfato,0.013302226588081206
2022-01-03,Perda do Paladar,0.013179436804191225
2022-01-03,Outros Sintomas,0.16818107400130974
2022-01-10,Febre,0.27089173556651647
2022-01-10,Tosse,0.3631169937191725
2022-01-10,Dor de Garganta,0.09492211064192187
2022-01-10,Dispneia,0.3006990525531386
2022-01-10,Desconforto Respiratório,0.2487491572335971
2022-01-10,Saturação O2 < 95%,0.2768177140626663
2022-01-10,Diarreia,0.04378836804939498
2022-01-10,Vômito,0.04957240694084667
2022-01-10,Dor Abdominal,0.033497746708775415
2022-01-10,Fadiga,0.11046449735637487
2022-01-10,Perda do Olfato,0.015081082999183848
2022-01-10,Perda do Paladar,0.01571981122032575
2022-01-10,Outros Sintomas,0.1622724530712182
2022-01-17,Febre,0.2568639414276998
2022-01-17,Tosse,0.3385600976205003
2022-01-17,Dor de Garganta,0.09039048200122025
2022-01-17,Dispneia,0.2972849298352654
2022-01-17,Desconforto Respiratório,0.24945088468578402
2022-01-17,Saturação O2 < 95%,0.27413056741915803
2022-01-17,Diarreia,0.041854789505796214
2022-01-17,Vômito,0.04514948139109213
2022-01-17,Dor Abdominal,0.03334350213544844
2022-01-17,Fadiga,0.11098230628431971
2022-01-17,Perda do Olfato,0.013636363636363636
2022-01-17,Perda do Paladar,0.015405735204392923
2022-01-17,Outros Sintomas,0.15652837095790115
2022-01-24,Febre,0.2521112691830372
2022-01-24,Tosse,0.3246360141659352
2022-01-24,Dor de Garganta,0.08514695644277628
2022-01-24,Dispneia,0.30644428973575083
2022-01-24,Desconforto Respiratório,0.2527166510276357
2022-01-24,Saturação O2 < 95%,0.2902805944849714
2022-01-24,Diarreia,0.04643278748070345
2022-01-24,Vômito,0.04437448920906862
2022-01-24,Dor Abdominal,0.03211550685594939
2022-01-24,Fadiga,0.11450797590580258
2022-01-24,Perda do Olfato,0.012773556921027938
2022-01-24,Perda do Paladar,0.013832975149075279
2022-01-24,Outros Sintomas,0.15579501770741896
2022-01-31,Febre,0.2414257137661393
2022-01-31,Tosse,0.3277323149663575
2022-01-31,Dor de Garganta,0.08754318967084924
2022-01-31,Dispneia,0.3154028005091835
2022-01-31,Desconforto Respiratório,0.2619385342789598
2022-01-31,Saturação O2 < 95%,0.30365521003818874
2022-01-31,Diarreia,0.04666302964175305
2022-01-31,Vômito,0.046844880887434076
2022-01-31,Dor Abdominal,0.03513366066557556
2022-01-31,Fadiga,0.1182033096926714
2022-01-31,Perda do Olfato,0.01298417894162575
2022-01-31,Perda do Paladar,0.014511729405346426
2022-01-31,Outros Sintomas,0.16042916893980724
2022-02-07,Febre,0.2435504239581454
2022-02-07,Tosse,0.3264026700342775
2022-02-07,Dor de Garganta,0.08240122677250586
2022-02-07,Dispneia,0.3242377773768717
2022-02-07,Desconforto Respiratório,0.2674093451199711
2022-02-07,Saturação O2 < 95%,0.3066480245354501
2022-02-07,Diarreia,0.050243550423958144
2022-02-07,Vômito,0.050965181309760056
2022-02-07,Dor Abdominal,0.036442359732996574
2022-02-07,Fadiga,0.11523543207649288
2022-02-07,Perda do Olfato,0.012132419267544652
2022-02-07,Perda do Paladar,0.012357928919357749
2022-02-07,Outros Sintomas,0.17138733537795417
2022-02-14,Febre,0.23518349669478003
2022-02-14,Tosse,0.32248689309323
2022-02-14,Dor de Garganta,0.07413950307727377
2022-02-14,Dispneia,0.32368361066788237
2022-02-14,Desconforto Respiratório,0.2678937770686118
2022-02-14,Saturação O2 < 95%,0.30772737633918396
2022-02-14,Diarreia,0.04935035331661728
2022-02-14,Vômito,0.05305447914292227
2022-02-14,Dor Abdominal,0.03704125826304992
2022-02-14,Fadiga,0.11249145201732391
2022-02-14,Perda do Olfato,0.010713471620697515
2022-02-14,Perda do Paladar,0.011454296785958515
2022-02-14,Outros Sintomas,0.1695349897424208
2022-02-21,Febre,0.24032351242056615
2022-02-21,Tosse,0.3282062391681109
2022-02-21,Dor de Garganta,0.06881860196418256
2022-02-21,Dispneia,0.3313835932986713
2022-02-21,Desconforto Respiratório,0.27318024263431545
2022-02-21,Saturação O2 < 95%,0.3040150202195263
2022-02-21,Diarreia,0.04534950895436164
2022-02-21,Vômito,0.05257076834199884
2022-02-21,Dor Abdominal,0.03502310803004044
2022-02-21,Fadiga,0.10673021374927788
2022-02-21,Perda do Olfato,0.01097631426920855
2022-02-21,Perda do Paladar,0.01242056614673599
2022-02-21,Outros Sintomas,0.1681109185441941
2022-02-28,Febre,0.24754687651802196
2022-02-28,Tosse,0.3364422423005926
2022-02-28,Dor de Garganta,0.06334402020790829
2022-02-28,Dispneia,0.33100165160788886
2022-02-28,Desconforto Respiratório,0.285242397746041
2022-02-28,Saturação O2 < 95%,0.3175944816865831
2022-02-28,Diarreia,0.0469250947245701
2022-02-28,Vômito,0.05547459438453318
2022-02-28,Dor Abdominal,0.03390653842417177
2022-02-28,Fadiga,0.10813174001748761
2022-02-28,Perda do Olfato,0.008063732633828816
2022-02-28,Perda do Paladar,0.008646653065189936
2022-02-28,Outros Sintomas,0.16632662974837267
2022-03-07,Febre,0.24869404896036054
2022-03-07,Tosse,0.3259244084809997
2022-03-07,Dor de Garganta,0.055310867561200454
2022-03-07,Dispneia,0.3173204957492574
2022-03-07,Desconforto Respiratório,0.279832018846666
2022-03-07,Saturação O2 < 95%,0.29652770664754685
2022-03-07,Diarreia,0.04660452729693742
2022-03-07,Vômito,0.05653999795144935
2022-03-07,Dor Abdominal,0.03605449144730104
2022-03-07,Fadiga,0.09812557615487043
2022-03-07,Perda do Olfato,0.007374782341493393
2022-03-07,Perda do Paladar,0.009116050394346
2022-03-07,Outros Sintomas,0.15702140735429684
2022-03-14,Febre,0.2535666518056175
2022-03-14,Tosse,0.3437360677663843
2022-03-14,Dor de Garganta,0.055060187249219794
2022-03-14,Dispneia,0.3255684351315203
2022-03-14,Desconforto Respiratório,0.28901025412394116
2022-03-14,Saturação O2 < 95%,0.28878733838609005
2022-03-14,Diarreia,0.04837271511368703
2022-03-14,Vômito,0.061747659384752566
2022-03-14,Dor Abdominal,0.0362238074008025
2022-03-14,Fadiga,0.0951850200624164
2022-03-14,Perda do Olfato,0.00980829246544806
2022-03-14,Perda do Paladar,0.009585376727596968
2022-03-14,Outros Sintomas,0.16941596076683013
2022-03-21,Febre,0.25129440096327516
2022-03-21,Tosse,0.35159542444310654
2022-03-21,Dor de Garganta,0.054665863937387114
2022-03-21,Dispneia,0.31896447922937987
2022-03-21,Desconforto Respiratório,0.28753762793497895
2022-03-21,Saturação O2 < 95%,0.2900662251655629
2022-03-21,Diarreia,0.0403371462974112
2022-03-21,Vômito,0.06068633353401565
2022-03-21,Dor Abdominal,0.032992173389524385
2022-03-21,Fadiga,0.09078868151715834
2022-03-21,Perda do Olfato,0.00818783865141481
2022-03-21,Perda do Paladar,0.007585791691751957
2022-03-21,Outros Sintomas,0.1630343166767008
2022-03-28,Febre,0.26146846960697584
2022-03-28,Tosse,0.363958043725515
2022-03-28,Dor de Garganta,0.04751674459749779
2022-03-28,Dispneia,0.3199797801086819
2022-03-28,Desconforto Respiratório,0.2854795905472008
2022-03-28,Saturação O2 < 95%,0.291166434980412
2022-03-28,Diarreia,0.0403134083154303
2022-03-28,Vômito,0.060154176671300394
2022-03-28,Dor Abdominal,0.0363958043725515
2022-03-28,Fadiga,0.08694553266776191
2022-03-28,Perda do Olfato,0.006571464678377353
2022-03-28,Perda do Paladar,0.008467079489447743
2022-03-28,Outros Sintomas,0.17844054088209277
2022-04-04,Febre,0.2843070187440142
2022-04-04,Tosse,0.3803529894650431
2022-04-04,Dor de Garganta,0.05568477219865919
2022-04-04,Dispneia,0.33876043234368586
2022-04-04,Desconforto Respiratório,0.3015460391298399
2022-04-04,Saturação O2 < 95%,0.3097550964564236
2022-04-04,Diarreia,0.041182104255028044
2022-04-04,Vômito,0.06184156519359694
2022-04-04,Dor Abdominal,0.03434122314954166
2022-04-04,Fadiga,0.08797373101655494
2022-04-04,Perda do Olfato,0.006840881105486387
2022-04-04,Perda do Paladar,0.005609522506498837
2022-04-04,Outros Sintomas,0.17827336160897522
2022-04-11,Febre,0.2753708327213982
2022-04-11,Tosse,0.3765604347187546
2022-04-11,Dor de Garganta,0.04714348656190336
2022-04-11,Dispneia,0.32780143927155236
2022-04-11,Desconforto Respiratório,0.3079747393156117
2022-04-11,Saturação O2 < 95%,0.30665295931854897
2022-04-11,Diarreia,0.041268908797180204
2022-04-11,Vômito,0.0630048465266559
2022-04-11,Dor Abdominal,0.03157585548538699
2022-04-11,Fadiga,0.08503451314436775
2022-04-11,Perda do Olfato,0.0060214422088412396
2022-04-11,Perda do Paladar,0.006755764429431634
2022-04-11,Outros Sintomas,0.16390071963577618
2022-04-18,Febre,0.2913634491281065
2022-04-18,Tosse,0.3990113964025814
2022-04-18,Dor de Garganta,0.054922422078813676
2022-04-18,Dispneia,0.34683509542770835
2022-04-18,Desconforto Respiratório,0.30866401208293287
2022-04-18,Saturação O2 < 95%,0.30056295482630785
2022-04-18,Diarreia,0.04132912261430729
2022-04-18,Vômito,0.05972813401070987
2022-04-18,Dor Abdominal,0.03707263490319923
2022-04-18,Fadiga,0.0855416723877523
2022-04-18,Perda do Olfato,0.006590690649457641
2022-04-18,Perda do Paladar,0.005492242207881368
2022-04-18,Outros Sintomas,0.17739942331456818
2022-04-25,Febre,0.2918951858622791
2022-04-25,Tosse,0.3930530164533821
2022-04-25,Dor de Garganta,0.05338208409506399
2022-04-25,Dispneia,0.33540524070688604
2022-04-25,Desconforto Respiratório,0.2959171237050579
2022-04-25,Saturação O2 < 95%,0.29335770871419864
2022-04-25,Diarreia,0.040706886045094454
2022-04-25,Vômito,0.05862279098110908
2022-04-25,Dor Abdominal,0.03388177940280317
2022-04-25,Fadiga,0.08738574040219378
2022-04-25,Perda do Olfato,0.007921998781230956
2022-04-25,Perda do Paladar,0.006825106642291286
2022-04-25,Outros Sintomas,0.18208409506398537
2022-05-02,Febre,0.27428722280887013
2022-05-02,Tosse,0.3756599788806758
2022-05-02,Dor de Garganta,0.05332629355860612
2022-05-02,Dispneia,0.32101372756071805
2022-05-02,Desconforto Respiratório,0.28418690601900737
2022-05-02,Saturação O2 < 95%,0.28049102428722283
2022-05-02,Diarreia,0.04052270327349525
2022-05-02,Vômito,0.0646779303062302
2022-05-02,Dor Abdominal,0.035110876451953536
2022-05-02,Fadiga,0.08843717001055966
2022-05-02,Perda do Olfato,0.008315733896515312
2022-05-02,Perda do Paladar,0.008579725448785639
2022-05-02,Outros Sintomas,0.16591869060190073
2022-05-09,Febre,0.28606243472206105
2022-05-09,Tosse,0.40408494835789716
2022-05-09,Dor de Garganta,0.06521991412324475
2022-05-09,Dispneia,0.346872461413485
2022-05-09,Desconforto Respiratório,0.3013809910641755
2022-05-09,Saturação O2 < 95%,0.3110131136126262
2022-05-09,Diarreia,0.04293837762562377
2022-05-09,Vômito,0.06266682139955901
2022-05-09,Dor Abdominal,0.03330625507717303
2022-05-09,Fadiga,0.09724962283857491
2022-05-09,Perda do Olfato,0.008935824532900082
2022-05-09,Perda do Paladar,0.008123476848090982
2022-05-09,Outros Sintomas,0.17117326215620285
2022-05-16,Febre,0.2648896293211162
2022-05-16,Tosse,0.4033735943356935
2022-05-16,Dor de Garganta,0.06143273635985006
2022-05-16,Dispneia,0.3385047896709704
2022-05-16,Desconforto Respiratório,0.29029571012078303
2022-05-16,Saturação O2 < 95%,0.30435235318617243
2022-05-16,Diarreia,0.0407122032486464
2022-05-16,Vômito,0.06736776343190337
2022-05-16,Dor Abdominal,0.03508954602249063
2022-05-16,Fadiga,0.09954185755935027
2022-05-16,Perda do Olfato,0.0077051228654727195
2022-05-16,Perda do Paladar,0.0077051228654727195
2022-05-16,Outros Sintomas,0.18013327780091629
2022-05-23,Febre,0.2761965192168238
2022-05-23,Tosse,0.40853879622915157
2022-05-23,Dor de Garganta,0.07296954314720812
2022-05-23,Dispneia,0.3495286439448876
2022-05-23,Desconforto Respiratório,0.29378172588832485
2022-05-23,Saturação O2 < 95%,0.31082306018854244
2022-05-23,Diarreia,0.04196881798404641
2022-05-23,Vômito,0.058828861493836114
2022-05-23,Dor Abdominal,0.03381073241479333
2022-05-23,Fadiga,0.10079767947788253
2022-05-23,Perda do Olfato,0.00870195794053662
2022-05-23,Perda do Paladar,0.008520667150108775
2022-05-23,Outros Sintomas,0.17775562001450326
2022-05-30,Febre,0.2700260501465321
2022-05-30,Tosse,0.3941712797134484
2022-05-30,Dor de Garganta,0.06927710843373494
2022-05-30,Dispneia,0.3291273200911755
2022-05-30,Desconforto Respiratório,0.2820742429176164
2022-05-30,Saturação O2 < 95%,0.307717355910127
2022-05-30,Diarreia,0.04208726799088245
2022-05-30,Vômito,0.060973624226636276
2022-05-30,Dor Abdominal,0.034190817323347444
2022-05-30,Fadiga,0.10631716053402801
2022-05-30,Perda do Olfato,0.008629111038749592
2022-05-30,Perda do Paladar,0.007896450667535006
2022-05-30,Outros Sintomas,0.18495604037772712
2022-06-06,Febre,0.26160693730335355
2022-06-06,Tosse,0.3864630496508326
2022-06-06,Dor de Garganta,0.07558898012431893
2022-06-06,Dispneia,0.3352774153940603
2022-06-06,Desconforto Respiratório,0.284091781137288
2022-06-06,Saturação O2 < 95%,0.3071138055406339
2022-06-06,Diarreia,0.04036528278719975
2022-06-06,Vômito,0.05448545775458522
2022-06-06,Dor Abdominal,0.03376563579157394
2022-06-06,Fadiga,0.10382933005908987
2022-06-06,Perda do Olfato,0.008825109354615916
2022-06-06,Perda do Paladar,0.008364668866548998
2022-06-06,Outros Sintomas,0.17481390530273963
2022-06-13,Febre,0.24760841836734693
2022-06-13,Tosse,0.38026147959183676
2022-06-13,Dor de Garganta,0.07485650510204081
2022-06-13,Dispneia,0.31465242346938777
2022-06-13,Desconforto Respiratório,0.274234693877551
2022-06-13,Saturação O2 < 95%,0.29177295918367346
2022-06-13,Diarreia,0.03810586734693878
2022-06-13,Vômito,0.05644132653061224
2022-06-13,Dor Abdominal,0.03451849489795918
2022-06-13,Fadiga,0.1055484693877551
2022-06-13,Perda do Olfato,0.00932716836734694
2022-06-13,Perda do Paladar,0.009008290816326531
2022-06-13,Outros Sintomas,0.16964285714285715
2022-06-20,Febre,0.2517653449212385
2022-06-20,Tosse,0.371401412275937
2022-06-20,Dor de Garganta,0.06878055404671374
2022-06-20,Dispneia,0.31878055404671374
2022-06-20,Desconforto Respiratório,0.2623574144486692
2022-06-20,Saturação O2 < 95%,0.28646116241173275
2022-06-20,Diarreia,0.0383623030961434
2022-06-20,Vômito,0.05010863661053775
2022-06-20,Dor Abdominal,0.029128191200434545
2022-06-20,Fadiga,0.0965507876154264
2022-06-20,Perda do Olfato,0.010320478001086366
2022-06-20,Perda do Paladar,0.008962520369364476
2022-06-20,Outros Sintomas,0.17015209125475286
2022-06-27,Febre,0.24333036142925726
2022-06-27,Tosse,0.36835607982991564
2022-06-27,Dor de Garganta,0.07256018105754064
2022-06-27,Dispneia,0.3157533776832865
2022-06-27,Desconforto Respiratório,0.2650024003840615
2022-06-27,Saturação O2 < 95%,0.28029627597558465
2022-06-27,Diarreia,0.03669158493930458
2022-06-27,Vômito,0.04958507646937796
2022-06-27,Dor Abdominal,0.030039091969000755
2022-06-27,Fadiga,0.09793566970715314
2022-06-27,Perda do Olfato,0.008847129826486524
2022-06-27,Perda do Paladar,0.008229888210685139
2022-06-27,Outros Sintomas,0.16946711473835813
2022-07-04,Febre,0.24696707105719237
2022-07-04,Tosse,0.37507221259387635
2022-07-04,Dor de Garganta,0.07459560947429232
2022-07-04,Dispneia,0.31961294049682265
2022-07-04,Desconforto Respiratório,0.2695696129404968
2022-07-04,Saturação O2 < 95%,0.2893558636626228
2022-07-04,Diarreia,0.03870595031773541
2022-07-04,Vômito,0.05488157134604275
2022-07-04,Dor Abdominal,0.03184575389948007
2022-07-04,Fadiga,0.09914789139225881
2022-07-04,Perda do Olfato,0.008954361640670132
2022-07-04,Perda do Paladar,0.009748700173310225
2022-07-04,Outros Sintomas,0.17814846909300983
2022-07-11,Febre,0.24958203964652495
2022-07-11,Tosse,0.3719449088448372
2022-07-11,Dor de Garganta,0.07308335323620731
2022-07-11,Dispneia,0.3287158665711329
2022-07-11,Desconforto Respiratório,0.2750577183345275
2022-07-11,Saturação O2 < 95%,0.29376641987102936
2022-07-11,Diarreia,0.04378632274500438
2022-07-11,Vômito,0.05660377358490566
2022-07-11,Dor Abdominal,0.03662128811400366
2022-07-11,Fadiga,0.1019823262479102
2022-07-11,Perda do Olfato,0.008438818565400843
2022-07-11,Perda do Paladar,0.007961149590000795
2022-07-11,Outros Sintomas,0.17283655759891728
2022-07-18,Febre,0.24594751061366268
2022-07-18,Tosse,0.3646275569278271
2022-07-18,Dor de Garganta,0.07265534542647627
2022-07-18,Dispneia,0.3250675414897723
2022-07-18,Desconforto Respiratório,0.2735430335777692
2022-07-18,Saturação O2 < 95%,0.29467387109224236
2022-07-18,Diarreia,0.04583172520262447
2022-07-18,Vômito,0.05374372829023543
2022-07-18,Dor Abdominal,0.034928598996526436
2022-07-18,Fadiga,0.10005789270551911
2022-07-18,Perda do Olfato,0.010420686993438826
2022-07-18,Perda do Paladar,0.012157468159011964
2022-07-18,Outros Sintomas,0.18062524121960633
2022-07-25,Febre,0.23457522543901282
2022-07-25,Tosse,0.3533459895586141
2022-07-25,Dor de Garganta,0.06739439962031324
2022-07-25,Dispneia,0.3260560037968676
2022-07-25,Desconforto Respiratório,0.2815614617940199
2022-07-25,Saturação O2 < 95%,0.28334124347413386
2022-07-25,Diarreia,0.03998576174655909
2022-07-25,Vômito,0.05149501661129568
2022-07-25,Dor Abdominal,0.03571428571428571
2022-07-25,Fadiga,0.09682012339819648
2022-07-25,Perda do Olfato,0.00794969150450878
2022-07-25,Perda do Paladar,0.006881822496440437
2022-07-25,Outros Sintomas,0.18628381585192216
2022-08-01,Febre,0.23886858844227907
2022-08-01,Tosse,0.3675734199485722
2022-08-01,Dor de Garganta,0.06875084585194208
2022-08-01,Dispneia,0.35363377994315875
2022-08-01,Desconforto Respiratório,0.29692786574637975
2022-08-01,Saturação O2 < 95%,0.3111381783732575
2022-08-01,Diarreia,0.03640546758695358
2022-08-01,Vômito,0.05575856002165381
2022-08-01,Dor Abdominal,0.03518744079036405
2022-08-01,Fadiga,0.10826904858573555
2022-08-01,Perda do Olfato,0.008120178643930167
2022-08-01,Perda do Paladar,0.007849506022465827
2022-08-01,Outros Sintomas,0.20354581134118285
2022-08-08,Febre,0.23219455703532135
2022-08-08,Tosse,0.362478286045165
2022-08-08,Dor de Garganta,0.06398378691372322
2022-08-08,Dispneia,0.3501737116386798
2022-08-08,Desconforto Respiratório,0.2990735379270411
2022-08-08,Saturação O2 < 95%,0.3123914302258251
2022-08-08,Diarreia,0.038650839606253616
2022-08-08,Vômito,0.05486392588303416
2022-08-08,Dor Abdominal,0.03546612623045744
2022-08-08,Fadiga,0.09554140127388536
2022-08-08,Perda do Olfato,0.005356108859293573
2022-08-08,Perda do Paladar,0.006369426751592357
2022-08-08,Outros Sintomas,0.1773306311522872
2022-08-15,Febre,0.246926696008499
2022-08-15,Tosse,0.36697526179996964
2022-08-15,Dor de Garganta,0.06161784792836546
2022-08-15,Dispneia,0.3514949157687054
2022-08-15,Desconforto Respiratório,0.29913492183942936
2022-08-15,Saturação O2 < 95%,0.3053574138716042
2022-08-15,Diarreia,0.0388526331765063
2022-08-15,Vômito,0.05873425405979663
2022-08-15,Dor Abdominal,0.03278190924267719
2022-08-15,Fadiga,0.08863256943390499
2022-08-15,Perda do Olfato,0.005463651540446198
2022-08-15,Perda do Paladar,0.005463651540446198
2022-08-15,Outros Sintomas,0.17210502352405524
2022-08-22,Febre,0.25462212131041195
2022-08-22,Tosse,0.3783652286733701
2022-08-22,Dor de Garganta,0.06292572169964321
2022-08-22,Dispneia,0.35939020434641583
2022-08-22,Desconforto Respiratório,0.3074927019137204
2022-08-22,Saturação O2 < 95%,0.31381771002270514
2022-08-22,Diarreia,0.03567953292247811
2022-08-22,Vômito,0.06049302627311061
2022-08-22,Dor Abdominal,0.04086928316574765
2022-08-22,Fadiga,0.1041193642555952
2022-08-22,Perda do Olfato,0.007622445669802141
2022-08-22,Perda do Paladar,0.006811547194291274
2022-08-22,Outros Sintomas,0.1881284463185209
2022-08-29,Febre,0.2585484996510816
2022-08-29,Tosse,0.38695045359385905
2022-08-29,Dor de Garganta,0.058269364968597345
2022-08-29,Dispneia,0.35903698534542916
2022-08-29,Desconforto Respiratório,0.29989532449406836
2022-08-29,Saturação O2 < 95%,0.31908583391486395
2022-08-29,Diarreia,0.03698534542916958
2022-08-29,Vômito,0.06472435450104676
2022-08-29,Dor Abdominal,0.040997906489881365
2022-08-29,Fadiga,0.09595254710397767
2022-08-29,Perda do Olfato,0.006454989532449407
2022-08-29,Perda do Paladar,0.00628053035589672
2022-08-29,Outros Sintomas,0.18126308443824146
2022-09-05,Febre,0.27285627407257246
2022-09-05,Tosse,0.38881005473342795
2022-09-05,Dor de Garganta,0.06730184471923778
2022-09-05,Dispneia,0.3470504763835394
2022-09-05,Desconforto Respiratório,0.299006689641192
2022-09-05,Saturação O2 < 95%,0.30346645043584025
2022-09-05,Diarreia,0.04277316034867221
2022-09-05,Vômito,0.06324751672410298
2022-09-05,Dor Abdominal,0.041759578349888506
2022-09-05,Fadiga,0.09831745388201905
2022-09-05,Perda do Olfato,0.005270626393675248
2022-09-05,Perda do Paladar,0.0054733427934319885
2022-09-05,Outros Sintomas,0.18224204338130956
2022-09-12,Febre,0.26392676275808336
2022-09-12,Tosse,0.3597584729255941
2022-09-12,Dor de Garganta,0.05395403194390339
2022-09-12,Dispneia,0.3227502921698481
2022-09-12,Desconforto Respiratório,0.27717179587066615
2022-09-12,Saturação O2 < 95%,0.29392286716010907
2022-09-12,Diarreia,0.038371640046747174
2022-09-12,Vômito,0.065835605765485
2022-09-12,Dor Abdominal,0.03272302298402805
2022-09-12,Fadiga,0.09076743280093494
2022-09-12,Perda do Olfato,0.006427736657576938
2022-09-12,Perda do Paladar,0.005259057265290222
2022-09-12,Outros Sintomas,0.16926373198285938
2022-09-19,Febre,0.27602523659305994
2022-09-19,Tosse,0.38209779179810727
2022-09-19,Dor de Garganta,0.06309148264984227
2022-09-19,Dispneia,0.3387223974763407
2022-09-19,Desconforto Respiratório,0.29160094637223977
2022-09-19,Saturação O2 < 95%,0.29574132492113564
2022-09-19,Diarreia,0.03884069400630915
2022-09-19,Vômito,0.06644321766561515
2022-09-19,Dor Abdominal,0.03548895899053628
2022-09-19,Fadiga,0.09345425867507887
2022-09-19,Perda do Olfato,0.005914826498422713
2022-09-19,Perda do Paladar,0.005914826498422713
2022-09-19,Outros Sintomas,0.18809148264984227
2022-09-26,Febre,0.2806259007617871
2022-09-26,Tosse,0.3975705167799053
2022-09-26,Dor de Garganta,0.062384187770228534
2022-09-26,Dispneia,0.34651019147621986
2022-09-26,Desconforto Respiratório,0.31006794317479924
2022-09-26,Saturação O2 < 95%,0.3104797199917645
2022-09-26,Diarreia,0.03541280625900762
2022-09-26,Vômito,0.06691373275684578
2022-09-26,Dor Abdominal,0.038707020794729256
2022-09-26,Fadiga,0.08688490837965822
2022-09-26,Perda do Olfato,0.006382540662960675
2022-09-26,Perda do Paladar,0.005353098620547663
2022-09-26,Outros Sintomas,0.17953469219682933
2022-10-03,Febre,0.2943044674994707
2022-10-03,Tosse,0.3933940292187169
2022-10-03,Dor de Garganta,0.05653186533982638
2022-10-03,Dispneia,0.33749735337709086
2022-10-03,Desconforto Respiratório,0.296421765826805
2022-10-03,Saturação O2 < 95%,0.3123015032818124
2022-10-03,Diarreia,0.03768791022655092
2022-10-03,Vômito,0.0652127884818971
2022-10-03,Dor Abdominal,0.03133601524454796
2022-10-03,Fadiga,0.08320982426423883
2022-10-03,Perda do Olfato,0.0059284353165360995
2022-10-03,Perda do Paladar,0.004869786152868939
2022-10-03,Outros Sintomas,0.18081727715435106
2022-10-10,Febre,0.3099812558575445
2022-10-10,Tosse,0.4135426429240862
2022-10-10,Dor de Garganta,0.052014995313964384
2022-10-10,Dispneia,0.3516869728209934
2022-10-10,Desconforto Respiratório,0.3352858481724461
2022-10-10,Saturação O2 < 95%,0.3233364573570759
2022-10-10,Diarreia,0.04381443298969072
2022-10-10,Vômito,0.07403936269915651
2022-10-10,Dor Abdominal,0.03256794751640112
2022-10-10,Fadiga,0.1000468603561387
2022-10-10,Perda do Olfato,0.007497656982193065
2022-10-10,Perda do Paladar,0.005388940955951265
2022-10-10,Outros Sintomas,0.19376757263355202
2022-10-17,Febre,0.2996640067198656
2022-10-17,Tosse,0.3851322973540529
2022-10-17,Dor de Garganta,0.05753884922301554
2022-10-17,Dispneia,0.3355732885342293
2022-10-17,Desconforto Respiratório,0.3189836203275935
2022-10-17,Saturação O2 < 95%,0.30911381772364555
2022-10-17,Diarreia,0.044099118017639646
2022-10-17,Vômito,0.06593868122637547
2022-10-17,Dor Abdominal,0.040529189416211676
2022-10-17,Fadiga,0.08357832843343133
2022-10-17,Perda do Olfato,0.005669886602267955
2022-10-17,Perda do Paladar,0.004619907601847963
2022-10-17,Outros Sintomas,0.18479630407391853
2022-10-24,Febre,0.30052264808362367
2022-10-24,Tosse,0.37652439024390244
2022-10-24,Dor de Garganta,0.05313588850174216
2022-10-24,Dispneia,0.3242595818815331
2022-10-24,Desconforto Respiratório,0.2874564459930314
2022-10-24,Saturação O2 < 95%,0.28789198606271776
2022-10-24,Diarreia,0.03636759581881533
2022-10-24,Vômito,0.059233449477351915
2022-10-24,Dor Abdominal,0.03244773519163763
2022-10-24,Fadiga,0.08819686411149825
2022-10-24,Perda do Olfato,0.004355400696864111
2022-10-24,Perda do Paladar,0.0039198606271777
2022-10-24,Outros Sintomas,0.17617595818815332
2022-10-31,Febre,0.30089923910537236
2022-10-31,Tosse,0.3855199446622089
2022-10-31,Dor de Garganta,0.06363845976481439
2022-10-31,Dispneia,0.3294904311736223
2022-10-31,Desconforto Respiratório,0.3029744062716163
2022-10-31,Saturação O2 < 95%,0.2884482361079087
2022-10-31,Diarreia,0.041042195065713626
2022-10-31,Vômito,0.06848051648605026
2022-10-31,Dor Abdominal,0.03089693336407655
2022-10-31,Fadiga,0.09038505879640304
2022-10-31,Perda do Olfato,0.005072630850818538
2022-10-31,Perda do Paladar,0.005764353239566521
2022-10-31,Outros Sintomas,0.1819229882407194
2022-11-07,Febre,0.2798333333333333
2022-11-07,Tosse,0.3631666666666667
2022-11-07,Dor de Garganta,0.0645
2022-11-07,Dispneia,0.30866666666666664
2022-11-07,Desconforto Respiratório,0.2708333333333333
2022-11-07,Saturação O2 < 95%,0.2783333333333333
2022-11-07,Diarreia,0.035333333333333335
2022-11-07,Vômito,0.057666666666666665
2022-11-07,Dor Abdominal,0.029333333333333333
2022-11-07,Fadiga,0.08883333333333333
2022-11-07,Perda do Olfato,0.007333333333333333
2022-11-07,Perda do Paladar,0.007833333333333333
2022-11-07,Outros Sintomas,0.18133333333333335
2022-11-14,Febre,0.28001017293997965
2022-11-14,Tosse,0.3653357070193286
2022-11-14,Dor de Garganta,0.07464394710071211
2022-11-14,Dispneia,0.30849440488301116
2022-11-14,Desconforto Respiratório,0.26907426246185145
2022-11-14,Saturação O2 < 95%,0.2782299084435402
2022-11-14,Diarreia,0.042090539165818924
2022-11-14,Vômito,0.054933875890132246
2022-11-14,Dor Abdominal,0.03446083418107833
2022-11-14,Fadiga,0.09206510681586978
2022-11-14,Perda do Olfato,0.00839267548321465
2022-11-14,Perda do Paladar,0.007375381485249237
2022-11-14,Outros Sintomas,0.17128687690742625
2022-11-21,Febre,0.262788689833801
2022-11-21,Tosse,0.3534426937189726
2022-11-21,Dor de Garganta,0.07306281027412044
2022-11-21,Dispneia,0.2937621411612346
2022-11-21,Desconforto Respiratório,0.25836391107273904
2022-11-21,Saturação O2 < 95%,0.26883229009281245
2022-11-21,Diarreia,0.03960716598316426
2022-11-21,Vômito,0.05406863803151306
2022-11-21,Dor Abdominal,0.036261601554068636
2022-11-21,Fadiga,0.09615799697819986
2022-11-21,Perda do Olfato,0.009605007554500325
2022-11-21,Perda do Paladar,0.007986186056550831
2022-11-21,Outros Sintomas,0.18486941506583207
2022-11-28,Febre,0.26526451335980256
2022-11-28,Tosse,0.3396287155274171
2022-11-28,Dor de Garganta,0.06867689666273205
2022-11-28,Dispneia,0.2989591157849555
2022-11-28,Desconforto Respiratório,0.25721643953213863
2022-11-28,Saturação O2 < 95%,0.28125335336409485
2022-11-28,Diarreia,0.03938190793003541
2022-11-28,Vômito,0.05054190363772937
2022-11-28,Dor Abdominal,0.031011911149264944
2022-11-28,Fadiga,0.09443073291125657
2022-11-28,Perda do Olfato,0.0076188432235218375
2022-11-28,Perda do Paladar,0.006653074364202168
2022-11-28,Outros Sintomas,0.1771649318596416
2022-12-05,Febre,0.2687955182072829
2022-12-05,Tosse,0.3496918767507003
2022-12-05,Dor de Garganta,0.07036414565826331
2022-12-05,Dispneia,0.31047619047619046
2022-12-05,Desconforto Respiratório,0.27327731092436974
2022-12-05,Saturação O2 < 95%,0.29400560224089634
2022-12-05,Diarreia,0.04324929971988795
2022-12-05,Vômito,0.05131652661064426
2022-12-05,Dor Abdominal,0.0346218487394958
2022-12-05,Fadiga,0.09949579831932773
2022-12-05,Perda do Olfato,0.008179271708683473
2022-12-05,Perda do Paladar,0.008515406162464986
2022-12-05,Outros Sintomas,0.18072829131652662
2022-12-12,Febre,0.26744186046511625
2022-12-12,Tosse,0.3568451075032909
2022-12-12,Dor de Garganta,0.07382623957876261
2022-12-12,Dispneia,0.3198771390960948
2022-12-12,Desconforto Respiratório,0.28521281263712156
2022-12-12,Saturação O2 < 95%,0.3041904344010531
2022-12-12,Diarreia,0.04278192189556823
2022-12-12,Vômito,0.05605528740675735
2022-12-12,Dor Abdominal,0.03345765686704695
2022-12-12,Fadiga,0.1008117595436595
2022-12-12,Perda do Olfato,0.008446687143483985
2022-12-12,Perda do Paladar,0.010201842913558579
2022-12-12,Outros Sintomas,0.17836770513383063
2022-12-19,Febre,0.26075404858299595
2022-12-19,Tosse,0.3641194331983806
2022-12-19,Dor de Garganta,0.07160931174089069
2022-12-19,Dispneia,0.3271761133603239
2022-12-19,Desconforto Respiratório,0.2993421052631579
2022-12-19,Saturação O2 < 95%,0.30440283400809715
2022-12-19,Diarreia,0.039979757085020245
2022-12-19,Vômito,0.05895748987854251
2022-12-19,Dor Abdominal,0.03314777327935223
2022-12-19,Fadiga,0.10728744939271255
2022-12-19,Perda do Olfato,0.010121457489878543
2022-12-19,Perda do Paladar,0.010121457489878543
2022-12-19,Outros Sintomas,0.18585526315789475
2022-12-26,Febre,0.2800055309734513
2022-12-26,Tosse,0.377212389380531
2022-12-26,Dor de Garganta,0.07204092920353983
2022-12-26,Dispneia,0.34430309734513276
2022-12-26,Desconforto Respiratório,0.3144358407079646
2022-12-26,Saturação O2 < 95%,0.3232853982300885
2022-12-26,Diarreia,0.04659845132743363
2022-12-26,Vômito,0.059457964601769914
2022-12-26,Dor Abdominal,0.03733407079646018
2022-12-26,Fadiga,0.11656526548672566
2022-12-26,Perda do Olfato,0.009264380530973452
2022-12-26,Perda do Paladar,0.011200221238938053
2022-12-26,Outros Sintomas,0.19012721238938052
2023-01-02,Febre,0.25617088607594934
2023-01-02,Tosse,0.36265822784810126
2023-01-02,Dor de Garganta,0.06787974683544304
2023-01-02,Dispneia,0.3411392405063291
2023-01-02,Desconforto Respiratório,0.29477848101265824
2023-01-02,Saturação O2 < 95%,0.31139240506329113
2023-01-02,Diarreia,0.0444620253164557
2023-01-02,Vômito,0.06392405063291139
2023-01-02,Dor Abdominal,0.035443037974683546
2023-01-02,Fadiga,0.11091772151898734
2023-01-02,Perda do Olfato,0.009335443037974683
2023-01-02,Perda do Paladar,0.008860759493670886
2023-01-02,Outros Sintomas,0.1889240506329114
2023-01-09,Febre,0.2576711250983478
2023-01-09,Tosse,0.35995279307631783
2023-01-09,Dor de Garganta,0.05979543666404406
2023-01-09,Dispneia,0.3463808025177026
2023-01-09,Desconforto Respiratório,0.29484657749803306
2023-01-09,Saturação O2 < 95%,0.31923682140047205
2023-01-09,Diarreia,0.03953579858379229
2023-01-09,Vômito,0.05428796223446106
2023-01-09,Dor Abdominal,0.03383162863886703
2023-01-09,Fadiga,0.10169158143194335
2023-01-09,Perda do Olfato,0.008064516129032258
2023-01-09,Perda do Paladar,0.006490952006294256
2023-01-09,Outros Sintomas,0.1951219512195122
2023-01-16,Febre,0.2634913186297513
2023-01-16,Tosse,0.3580478648521821
2023-01-16,Dor de Garganta,0.07132801501642422
2023-01-16,Dispneia,0.35358986391365554
2023-01-16,Desconforto Respiratório,0.3057250117315814
2023-01-16,Saturação O2 < 95%,0.32824964805255746
2023-01-16,Diarreia,0.049038010323791646
2023-01-16,Vômito,0.06006569685593618
2023-01-16,Dor Abdominal,0.0326137963397466
2023-01-16,Fadiga,0.10722665415297983
2023-01-16,Perda do Olfato,0.010323791647114031
2023-01-16,Perda do Paladar,0.007273580478648522
2023-01-16,Outros Sintomas,0.18418582824964805
2023-01-23,Febre,0.2626112759643917
2023-01-23,Tosse,0.34000989119683483
2023-01-23,Dor de Garganta,0.06627101879327399
2023-01-23,Dispneia,0.3264094955489614
2023-01-23,Desconforto Respiratório,0.3024233432245302
2023-01-23,Saturação O2 < 95%,0.31231454005934717
2023-01-23,Diarreia,0.04549950544015826
2023-01-23,Vômito,0.057368941641938676
2023-01-23,Dor Abdominal,0.03733926805143423
2023-01-23,Fadiga,0.08531157270029674
2023-01-23,Perda do Olfato,0.0071711177052423344
2023-01-23,Perda do Paladar,0.0071711177052423344
2023-01-23,Outros Sintomas,0.16740850642927793
2023-01-30,Febre,0.27369219105382864
2023-01-30,Tosse,0.35405610310841545
2023-01-30,Dor de Garganta,0.058630275461207984
2023-01-30,Dispneia,0.3469800353803386
2023-01-30,Desconforto Respiratório,0.31210513014910285
2023-01-30,Saturação O2 < 95%,0.3297952994692949
2023-01-30,Diarreia,0.04043467273186758
2023-01-30,Vômito,0.06570634318928481
2023-01-30,Dor Abdominal,0.0356330553449583
2023-01-30,Fadiga,0.09805408137477888
2023-01-30,Perda do Olfato,0.010866818296689411
2023-01-30,Perda do Paladar,0.0075815011372251705
2023-01-30,Outros Sintomas,0.18701036138488755
2023-02-06,Febre,0.2858722087110325
2023-02-06,Tosse,0.38359495909794383
2023-02-06,Dor de Garganta,0.07030731815166924
2023-02-06,Dispneia,0.35043112978111873
2023-02-06,Desconforto Respiratório,0.32876409462745965
2023-02-06,Saturação O2 < 95%,0.31726730046429363
2023-02-06,Diarreia,0.038691134202962635
2023-02-06,Vômito,0.07251824010612426
2023-02-06,Dor Abdominal,0.030510722971479106
2023-02-06,Fadiga,0.09086889232810082
2023-02-06,Perda do Olfato,0.00840150342692903
2023-02-06,Perda do Paladar,0.00862259562237453
2023-02-06,Outros Sintomas,0.18416979880610215
2023-02-13,Febre,0.28853830070328834
2023-02-13,Tosse,0.40543622885383007
2023-02-13,Dor de Garganta,0.06671735411518723
2023-02-13,Dispneia,0.3778749287207755
2023-02-13,Desconforto Respiratório,0.3698916555787873
2023-02-13,Saturação O2 < 95%,0.3524044858391941
2023-02-13,Diarreia,0.040106443641893176
2023-02-13,Vômito,0.06424634099980993
2023-02-13,Dor Abdominal,0.033643793955521764
2023-02-13,Fadiga,0.08743584869796617
2023-02-13,Perda do Olfato,0.006272571754419312
2023-02-13,Perda do Paladar,0.00551226002661091
2023-02-13,Outros Sintomas,0.18019387949059115
2023-02-20,Febre,0.300816167897396
2023-02-20,Tosse,0.4041974349008939
2023-02-20,Dor de Garganta,0.06354450058297707
2023-02-20,Dispneia,0.345705402254178
2023-02-20,Desconforto Respiratório,0.344733773804897
2023-02-20,Saturação O2 < 95%,0.3179168286047415
2023-02-20,Diarreia,0.046055188495919164
2023-02-20,Vômito,0.06121259230470268
2023-02-20,Dor Abdominal,0.03322969296541003
2023-02-20,Fadiga,0.08666925767586475
2023-02-20,Perda do Olfato,0.009327633113097552
2023-02-20,Perda do Paladar,0.0075787019043917605
2023-02-20,Outros Sintomas,0.17664205207928488
2023-02-27,Febre,0.29050179211469535
2023-02-27,Tosse,0.38942652329749106
2023-02-27,Dor de Garganta,0.056272401433691756
2023-02-27,Dispneia,0.33835125448028674
2023-02-27,Desconforto Respiratório,0.33136200716845876
2023-02-27,Saturação O2 < 95%,0.3100358422939068
2023-02-27,Diarreia,0.04498207885304659
2023-02-27,Vômito,0.06111111111111111
2023-02-27,Dor Abdominal,0.033154121863799284
2023-02-27,Fadiga,0.08387096774193549
2023-02-27,Perda do Olfato,0.007168458781362007
2023-02-27,Perda do Paladar,0.005913978494623656
2023-02-27,Outros Sintomas,0.18888888888888888
2023-03-06,Febre,0.29876106194690266
2023-03-06,Tosse,0.40106194690265484
2023-03-06,Dor de Garganta,0.06
2023-03-06,Dispneia,0.35008849557522126
2023-03-06,Desconforto Respiratório,0.33646017699115044
2023-03-06,Saturação O2 < 95%,0.3104424778761062
2023-03-06,Diarreia,0.04353982300884956
2023-03-06,Vômito,0.06389380530973451
2023-03-06,Dor Abdominal,0.02920353982300885
2023-03-06,Fadiga,0.0831858407079646
2023-03-06,Perda do Olfato,0.0065486725663716815
2023-03-06,Perda do Paladar,0.005132743362831859
2023-03-06,Outros Sintomas,0.17415929203539823
2023-03-13,Febre,0.3115829449335405
2023-03-13,Tosse,0.40652511651993783
2023-03-13,Dor de Garganta,0.05800103573278094
2023-03-13,Dispneia,0.3374762644571034
2023-03-13,Desconforto Respiratório,0.33782150871741756
2023-03-13,Saturação O2 < 95%,0.30899361298118416
2023-03-13,Diarreia,0.045917486621784916
2023-03-13,Vômito,0.06991196271361988
2023-03-13,Dor Abdominal,0.029691006387018815
2023-03-13,Fadiga,0.07957880200241671
2023-03-13,Perda do Olfato,0.006214396685655101
2023-03-13,Perda do Paladar,0.005523908165026756
2023-03-13,Outros Sintomas,0.18781287761090973
2023-03-20,Febre,0.32938856015779094
2023-03-20,Tosse,0.420656266810113
2023-03-20,Dor de Garganta,0.05773713466021158
2023-03-20,Dispneia,0.3530571992110454
2023-03-20,Desconforto Respiratório,0.3598708983324368
2023-03-20,Saturação O2 < 95%,0.31181638873946566
2023-03-20,Diarreia,0.0392684238838085
2023-03-20,Vômito,0.06329567868029407
2023-03-20,Dor Abdominal,0.027254796485565717
2023-03-20,Fadiga,0.08911601219293527
2023-03-20,Perda do Olfato,0.0077102384794692485
2023-03-20,Perda do Paladar,0.005558544020082482
2023-03-20,Outros Sintomas,0.18558364712210865
2023-03-27,Febre,0.3439645625692137
2023-03-27,Tosse,0.42414174972314506
2023-03-27,Dor de Garganta,0.05581395348837209
2023-03-27,Dispneia,0.36411960132890364
2023-03-27,Desconforto Respiratório,0.3705426356589147
2023-03-27,Saturação O2 < 95%,0.3233665559246955
2023-03-27,Diarreia,0.04119601328903655
2023-03-27,Vômito,0.06843853820598006
2023-03-27,Dor Abdominal,0.031007751937984496
2023-03-27,Fadiga,0.08527131782945736
2023-03-27,Perda do Olfato,0.009966777408637873
2023-03-27,Perda do Paladar,0.007973421926910298
2023-03-27,Outros Sintomas,0.19490586932447398
2023-04-03,Febre,0.36885245901639346
2023-04-03,Tosse,0.4262295081967213
2023-04-03,Dor de Garganta,0.028688524590163935
2023-04-03,Dispneia,0.3975409836065574
2023-04-03,Desconforto Respiratório,0.3729508196721312
2023-04-03,Saturação O2 < 95%,0.35655737704918034
2023-04-03,Diarreia,0.01639344262295082
2023-04-03,Vômito,0.05327868852459016
2023-04-03,Dor Abdominal,0.012295081967213115
2023-04-03,Fadiga,0.07377049180327869
2023-04-03,Perda do Olfato,0.004098360655737705
2023-04-03,Perda do Paladar,0.00819672131147541
2023-04-03,Outros Sintomas,0.20901639344262296
2023-04-10,Febre,0.25
2023-04-10,Tosse,0.25
2023-04-10,Dor de Garganta,0.0
2023-04-10,Dispneia,0.5
2023-04-10,Desconforto Respiratório,0.0
2023-04-10,Saturação O2 < 95%,0.25
2023-04-10,Diarreia,0.0
2023-04-10,Vômito,0.0
2023-04-10,Dor Abdominal,0.25
2023-04-10,Fadiga,0.25
2023-04-10,Perda do Olfato,0.0
2023-04-10,Perda do Paladar,0.0
2023-04-10,Outros Sintomas,0.25
